,Trig,Date,Time UT,Ra,Dec,Sat
0,631205591,2021-01-01,14:53:07,136.7,50.1,Fermi
1,631226368,2021-01-01,20:39:24,10.3,-6.91,Fermi
2,631312759,2021-01-02,20:39:14,232.7,-27.54,Fermi
3,631452424,2021-01-04,11:27:00,110.77,68.72,Fermi
4,631555390,2021-01-05,16:03:06,70.99,-36.83,Fermi
5,631602681,2021-01-06,5:11:16,338.45,9.0,Fermi
6,631584650,2021-01-06,0:10:45,249.85,-11.983,Fermi
7,631793415,2021-01-08,10:10:10,308.06,-25.03,Fermi
8,632037192,2021-01-11,5:53:08,340.7,-43.567,Fermi
9,632060507,2021-01-11,12:21:43,180.15,26.533,Fermi
10,632221553,2021-01-13,9:05:48,276.64,-47.51,Fermi
11,632352534,2021-01-14,21:28:50,121.3,-22.73,Fermi
12,632421956,2021-01-15,16:45:51,225.067,-40.583,Fermi
13,632460964,2021-01-16,3:35:59,148.217,-47.983,Fermi
14,632573937,2021-01-17,10:58:52,226.77,-20.23,Fermi
15,632717654,2021-01-19,2:54:10,290.39,-63.46,Fermi
16,632819449,2021-01-20,7:10:45,163.37,17.09,Fermi
17,633141335,2021-01-24,0:35:30,142.35,-6.25,Fermi
18,633257525,2021-01-25,8:52:00,81.06,51.23,Fermi
19,633397712,2021-01-26,23:48:28,160.833,-47.317,Fermi
20,633348010,2021-01-26,10:00:06,70.68,-67.94,Fermi
21,633421582,2021-01-27,6:26:17,54.8,47.18,Fermi
22,633569707,2021-01-28,23:35:02,292.117,26.15,Fermi
23,633647760,2021-01-29,21:15:56,301.2,18.933,Fermi
24,633626614,2021-01-29,15:23:30,288.417,18.75,Fermi
25,633720730,2021-01-30,17:32:06,21.567,69.65,Fermi
26,633733287,2021-01-30,21:01:23,253.4,64.867,Fermi
27,633658270,2021-01-30,0:11:05,266.733,14.267,Fermi
28,633806427,2021-01-31,17:20:23,75.9,-42.917,Fermi
29,633879387,2021-02-01,13:36:22,144.98,-50.67,Fermi
30,633983674,2021-02-02,18:34:30,87.4,42.717,Fermi
31,633963272,2021-02-02,12:54:27,297.06,18.74,Fermi
32,210202841,2021-02-02,20:10:31,230.682,-39.189,Fermi
33,633989436,2021-02-02,20:10:31,230.77,-40.78,Fermi
34,634156744,2021-02-04,18:39:00,272.49,-54.81,Fermi
35,634112970,2021-02-04,6:29:26,116.12,12.7,Fermi
36,634202000,2021-02-05,7:13:16,288.283,50.183,Fermi
37,634350957,2021-02-07,0:35:53,298.9,25.967,Fermi
38,634400883,2021-02-07,14:27:59,138.48,1.59,Fermi
39,634669632,2021-02-10,17:07:08,205.19,17.32,Fermi
40,634659312,2021-02-10,14:15:07,292.47,36.59,Fermi
41,634725803,2021-02-11,8:43:19,267.71,-55.96,Fermi
42,634903212,2021-02-13,10:00:08,31.95,-34.883,Fermi
43,634874860,2021-02-13,2:07:36,333.567,-11.117,Fermi
44,634931239,2021-02-13,17:47:14,122.54,22.25,Fermi
45,635027890,2021-02-14,20:38:05,106.383,-70.683,Fermi
46,635206844,2021-02-16,22:20:40,295.983,27.433,Fermi
47,635247459,2021-02-17,9:37:35,305.017,-39.467,Fermi
48,635598158,2021-02-21,11:02:34,266.483,81.633,Fermi
49,635781430,2021-02-23,13:57:06,222.117,48.883,Fermi
50,635922820,2021-02-25,5:13:36,333.44,28.41,Fermi
51,636187116,2021-02-28,6:38:31,91.62,-41.29,Fermi
52,636168178,2021-02-28,1:22:54,283.48,-43.13,Fermi
53,636420277,2021-03-02,23:24:32,314.567,48.067,Fermi
54,636459103,2021-03-03,10:11:38,40.81,3.35,Fermi
55,636729628,2021-03-06,13:20:23,284.683,70.617,Fermi
56,636695642,2021-03-06,3:53:57,139.18,64.23,Fermi
57,636715939,2021-03-06,9:32:14,337.91,14.72,Fermi
58,636717531,2021-03-06,9:58:47,324.667,53.283,Fermi
59,636878281,2021-03-08,6:37:57,63.45,42.77,Fermi
60,636926765,2021-03-08,20:06:00,350.48,-53.55,Fermi
61,636858344,2021-03-08,1:05:40,42.517,-43.0,Fermi
62,637027080,2021-03-09,23:57:55,143.31,-5.87,Fermi
63,637133095,2021-03-11,5:24:50,108.8,26.183,Fermi
64,637214649,2021-03-12,4:04:05,68.21,-16.26,Fermi
65,637521056,2021-03-15,17:10:52,100.1,-51.81,Fermi
66,637664914,2021-03-17,9:08:29,154.22,-64.94,Fermi
67,637729731,2021-03-18,3:08:47,259.06,-30.29,Fermi
68,637959326,2021-03-20,18:55:21,265.633,67.65,Fermi
69,637977270,2021-03-20,23:54:25,93.71,-26.63,Fermi
70,638079947,2021-03-22,4:25:43,296.9,-21.95,Fermi
71,638193818,2021-03-23,12:03:33,253.08,7.82,Fermi
72,638278742,2021-03-24,11:38:57,88.917,-44.95,Fermi
73,638277273,2021-03-24,11:14:28,148.53,37.18,Fermi
74,638308803,2021-03-24,19:59:58,39.17,-45.25,Fermi
75,638306711,2021-03-24,19:25:06,163.84,-4.26,Fermi
76,638414549,2021-03-26,1:22:25,58.01,15.06,Fermi
77,638657121,2021-03-28,20:45:17,209.15,-10.01,Fermi
78,639011829,2021-04-01,23:17:04,263.07,-31.58,Fermi
79,639164541,2021-04-03,17:42:16,314.0,-61.15,Fermi
80,639101364,2021-04-03,0:09:19,357.133,80.8,Fermi
81,639199407,2021-04-04,3:23:22,186.68,-1.3,Fermi
82,639303904,2021-04-05,8:24:59,30.58,18.58,Fermi
83,639441970,2021-04-06,22:46:05,6.58,19.58,Fermi
84,639708801,2021-04-10,0:53:17,269.24,49.09,Fermi
85,639787339,2021-04-10,22:42:14,251.05,73.783,Fermi
86,639851475,2021-04-11,16:31:11,355.22,23.42,Fermi
87,639804661,2021-04-11,3:30:56,259.39,-27.41,Fermi
88,639840769,2021-04-11,13:32:45,115.68,-74.84,Fermi
89,639862902,2021-04-11,19:41:37,109.833,29.7,Fermi
90,639946709,2021-04-12,18:58:24,256.8,12.55,Fermi
91,639926921,2021-04-12,13:28:36,180.95,45.433,Fermi
92,640050417,2021-04-13,23:46:52,186.07,49.6,Fermi
93,640012523,2021-04-13,13:15:18,291.7,19.283,Fermi
94,640162105,2021-04-15,6:48:20,130.32,-37.94,Fermi
95,640199945,2021-04-15,17:19:01,238.683,-9.383,Fermi
96,640310224,2021-04-16,23:57:00,213.067,79.4,Fermi
97,640303939,2021-04-16,22:12:15,249.67,-67.52,Fermi
98,640353092,2021-04-17,11:51:27,122.7,-48.6,Fermi
99,640393072,2021-04-17,22:57:47,163.9,-6.117,Fermi
100,640559433,2021-04-19,21:10:28,307.02,0.07,Fermi
101,640588174,2021-04-20,5:09:29,253.04,22.36,Fermi
102,640646809,2021-04-20,21:26:44,77.55,-60.283,Fermi
103,640728778,2021-04-21,20:12:53,198.68,-13.35,Fermi
104,640982416,2021-04-24,18:40:11,23.75,12.98,Fermi
105,640975205,2021-04-24,16:40:01,186.36,37.78,Fermi
106,641042067,2021-04-25,11:14:22,333.2,67.25,Fermi
107,641017296,2021-04-25,4:21:31,243.95,-45.53,Fermi
108,641009305,2021-04-25,2:08:21,197.083,-52.75,Fermi
109,641078722,2021-04-25,21:25:18,41.517,13.1,Fermi
110,641170348,2021-04-26,22:52:23,105.467,62.283,Fermi
111,641127444,2021-04-26,10:57:19,300.883,-60.533,Fermi
112,641192237,2021-04-27,4:57:13,174.24,-52.69,Fermi
113,641201117,2021-04-27,7:25:12,220.567,15.5,Fermi
114,641315537,2021-04-28,15:12:13,317.25,60.767,Fermi
115,641511742,2021-04-30,21:42:18,348.21,8.34,Fermi
116,641537705,2021-05-01,4:55:00,33.44,-77.89,Fermi
117,641601187,2021-05-01,22:33:02,195.9,46.26,Fermi
118,641592039,2021-05-01,20:00:34,186.983,-83.517,Fermi
119,641732232,2021-05-03,10:57:08,167.883,-76.317,Fermi
120,641763254,2021-05-03,19:34:09,328.93,66.03,Fermi
121,641862052,2021-05-04,23:00:47,65.06,49.06,Fermi
122,641806337,2021-05-04,7:32:12,48.433,-40.267,Fermi
123,641848886,2021-05-04,19:21:21,102.45,70.05,Fermi
124,641891998,2021-05-05,7:19:53,101.617,-28.417,Fermi
125,642106916,2021-05-07,19:01:51,31.467,9.417,Fermi
126,642105643,2021-05-07,18:40:38,285.86,-7.49,Fermi
127,642205660,2021-05-08,22:27:35,179.383,-14.567,Fermi
128,642261225,2021-05-09,13:53:40,47.017,17.667,Fermi
129,642367205,2021-05-10,19:20:01,194.07,36.81,Fermi
130,642423542,2021-05-11,10:58:57,253.79,69.34,Fermi
131,642425204,2021-05-11,11:26:39,316.18,61.69,Fermi
132,642459088,2021-05-11,20:51:24,92.95,47.333,Fermi
133,642538568,2021-05-12,18:56:03,146.18,14.18,Fermi
134,642647227,2021-05-14,1:07:03,54.9,-22.383,Fermi
135,642783411,2021-05-15,14:56:46,315.17,45.71,Fermi
136,642776810,2021-05-15,13:06:46,138.68,74.18,Fermi
137,642773235,2021-05-15,12:07:11,326.533,-33.717,Fermi
138,642900891,2021-05-16,23:34:47,347.017,67.633,Fermi
139,642991619,2021-05-18,0:46:55,4.69,-1.6,Fermi
140,643035854,2021-05-18,13:04:10,270.01,49.61,Fermi
141,643065622,2021-05-18,21:20:18,192.85,36.92,Fermi
142,643099138,2021-05-19,6:38:54,187.87,-40.23,Fermi
143,643079074,2021-05-19,1:04:29,275.433,75.717,Fermi
144,210520797,2021-05-20,19:07:02,123.0,-69.4,Fermi
145,643223451,2021-05-20,17:10:46,267.517,39.367,Fermi
146,643230427,2021-05-20,19:07:03,149.21,-68.06,Fermi
147,643266386,2021-05-21,5:06:21,199.9,10.817,Fermi
148,643264789,2021-05-21,4:39:45,207.67,-63.6,Fermi
149,643411899,2021-05-22,21:31:34,253.417,-7.617,Fermi
150,643358933,2021-05-22,6:48:49,26.883,-65.1,Fermi
151,643548039,2021-05-24,11:20:35,147.77,5.14,Fermi
152,643525204,2021-05-24,4:59:59,339.12,-46.52,Fermi
153,643903431,2021-05-28,14:03:46,134.08,-15.27,Fermi
154,644025222,2021-05-29,23:53:37,230.01,36.34,Fermi
155,643997729,2021-05-29,16:15:25,104.91,-31.16,Fermi
156,644155206,2021-05-31,12:00:02,135.79,3.81,Fermi
157,644211962,2021-06-01,3:45:57,285.633,-4.167,Fermi
158,644260938,2021-06-01,17:22:14,276.16,11.09,Fermi
159,644359567,2021-06-02,20:46:02,210.93,-26.94,Fermi
160,644449593,2021-06-03,21:46:28,145.88,-62.12,Fermi
161,644597763,2021-06-05,14:55:58,16.52,-7.73,Fermi
162,644562543,2021-06-05,5:08:58,21.67,-41.51,Fermi
163,644644567,2021-06-06,3:56:02,180.37,3.97,Fermi
164,644653223,2021-06-06,6:20:18,193.6,40.95,Fermi
165,644712030,2021-06-06,22:40:25,77.767,-31.65,Fermi
166,644793834,2021-06-07,21:23:49,131.5,-48.67,Fermi
167,645047470,2021-06-10,19:51:05,241.54,12.4,Fermi
168,645030227,2021-06-10,15:03:43,212.24,11.76,Fermi
169,645382781,2021-06-14,16:59:36,289.633,-28.383,Fermi
170,645492838,2021-06-15,23:33:54,342.87,60.42,Fermi
171,645485036,2021-06-15,21:23:51,116.27,12.8,Fermi
172,645628644,2021-06-17,13:17:19,181.483,40.45,Fermi
173,645673421,2021-06-18,1:43:36,227.77,42.47,Fermi
174,645799548,2021-06-19,12:45:44,73.88,12.49,Fermi
175,645857659,2021-06-20,4:54:14,288.05,45.63,Fermi
176,645898850,2021-06-20,16:20:45,183.967,53.167,Fermi
177,645965048,2021-06-21,10:44:04,225.58,-63.83,Fermi
178,646050786,2021-06-22,10:33:02,131.67,-11.64,Fermi
179,646018360,2021-06-22,1:32:36,242.05,-14.1,Fermi
180,646189108,2021-06-24,0:58:23,119.32,87.11,Fermi
181,646194855,2021-06-24,2:34:10,294.21,26.1,Fermi
182,646349006,2021-06-25,21:23:21,265.16,-33.64,Fermi
183,646322348,2021-06-25,13:59:04,89.333,26.833,Fermi
184,646358405,2021-06-26,0:00:00,253.7,66.05,Fermi
185,646443989,2021-06-26,23:46:25,354.13,9.6,Fermi
186,646388180,2021-06-26,8:16:16,215.97,-4.24,Fermi
187,646518605,2021-06-27,20:30:01,242.967,-3.5,Fermi
188,646471760,2021-06-27,7:29:16,159.01,47.3,Fermi
189,646509445,2021-06-27,17:57:21,234.13,-8.01,Fermi
190,646537079,2021-06-28,1:37:54,58.117,-71.133,Fermi
191,646812338,2021-07-01,6:05:33,124.783,-35.033,Fermi
192,646862474,2021-07-01,20:01:10,313.62,-15.4,Fermi
193,646818439,2021-07-01,7:47:14,193.7,78.6,Fermi
194,647120009,2021-07-04,19:33:25,163.73,58.86,Fermi
195,647108723,2021-07-04,16:25:19,203.44,-41.87,Fermi
196,647120007,2021-07-04,19:33:27,159.084,57.309,Fermi
197,647236214,2021-07-06,3:50:10,323.3,38.483,Fermi
198,647252274,2021-07-06,8:17:50,313.96,12.36,Fermi
199,647271699,2021-07-06,13:41:34,113.95,-49.14,Fermi
200,647365516,2021-07-07,15:45:11,300.91,32.22,Fermi
201,647310816,2021-07-07,0:33:32,284.79,19.03,Fermi
202,647427826,2021-07-08,9:03:42,317.317,12.333,Fermi
203,647522278,2021-07-09,11:17:54,283.75,14.617,Fermi
204,647498949,2021-07-09,4:49:04,295.28,-44.22,Fermi
205,647624281,2021-07-10,15:37:57,293.04,20.99,Fermi
206,647641569,2021-07-10,20:26:04,285.98,26.81,Fermi
207,647653174,2021-07-10,23:39:29,294.65,16.9,Fermi
208,647682470,2021-07-11,7:47:46,301.7,25.417,Fermi
209,647805873,2021-07-12,18:04:28,284.12,23.01,Fermi
210,647775795,2021-07-12,9:43:11,112.13,-32.42,Fermi
211,647887414,2021-07-13,16:43:29,268.2,3.333,Fermi
212,647942198,2021-07-14,7:56:33,309.48,-52.73,Fermi
213,648024201,2021-07-15,6:43:16,300.233,-9.417,Fermi
214,648033323,2021-07-15,9:15:19,292.63,15.12,Fermi
215,648013726,2021-07-15,3:48:41,331.25,36.683,Fermi
216,648200771,2021-07-17,7:46:07,343.517,-37.25,Fermi
217,648302836,2021-07-18,12:07:12,271.2,38.667,Fermi
218,648278666,2021-07-18,5:24:22,289.983,19.483,Fermi
219,648359752,2021-07-19,3:55:47,205.98,-1.01,Fermi
220,648602917,2021-07-21,23:28:33,78.33,-72.44,Fermi
221,648680085,2021-07-22,20:54:41,24.69,-6.97,Fermi
222,648607756,2021-07-22,0:49:11,61.1,-17.967,Fermi
223,648744372,2021-07-23,14:46:07,118.89,-30.04,Fermi
224,648877628,2021-07-25,3:47:04,216.09,4.21,Fermi
225,648868114,2021-07-25,1:08:29,339.33,16.33,Fermi
226,648959581,2021-07-26,2:32:57,173.72,-18.32,Fermi
227,649072251,2021-07-27,9:50:47,190.56,-60.16,Fermi
228,649313854,2021-07-30,4:57:29,148.73,73.1,Fermi
229,649414102,2021-07-31,8:48:18,145.77,37.09,Fermi
230,649390368,2021-07-31,2:12:43,33.36,24.02,Fermi
231,649462872,2021-07-31,22:21:07,299.97,-26.56,Fermi
232,649519043,2021-08-01,13:57:19,252.88,-44.9,Fermi
233,649524889,2021-08-01,15:34:45,359.62,-24.84,Fermi
234,649627691,2021-08-02,20:08:06,229.92,30.3,Fermi
235,210802839,2021-08-02,20:08:06,230.9,29.846,Fermi
236,649684549,2021-08-03,11:55:44,218.69,-21.38,Fermi
237,649814537,2021-08-05,0:02:13,212.22,-63.22,Fermi
238,649833729,2021-08-05,5:22:05,56.05,17.8,Fermi
239,649980534,2021-08-06,22:08:50,57.183,40.917,Fermi
240,650064542,2021-08-07,21:28:57,28.583,68.767,Fermi
241,650032607,2021-08-07,12:36:43,256.22,-32.18,Fermi
242,650069729,2021-08-07,22:55:24,147.55,-51.44,Fermi
243,650046564,2021-08-07,16:29:20,273.983,-28.933,Fermi
244,650222555,2021-08-09,17:22:31,112.6,62.533,Fermi
245,650420156,2021-08-12,0:15:52,183.66,2.37,Fermi
246,650479626,2021-08-12,16:47:01,39.59,69.66,Fermi
247,650574044,2021-08-13,19:00:40,111.9,67.1,Fermi
248,650508868,2021-08-13,0:54:24,14.96,8.1,Fermi
249,650687034,2021-08-15,2:23:50,351.76,-31.53,Fermi
250,650912153,2021-08-17,16:55:49,91.833,46.5,Fermi
251,651110719,2021-08-20,0:05:14,264.81,65.35,Fermi
252,651225524,2021-08-21,7:58:40,326.1,15.317,Fermi
253,651224433,2021-08-21,7:40:29,49.34,-6.87,Fermi
254,651306769,2021-08-22,6:32:45,343.45,-46.3,Fermi
255,651320287,2021-08-22,10:18:02,155.767,5.883,Fermi
256,651346229,2021-08-22,17:30:24,237.2,18.29,Fermi
257,651471008,2021-08-24,4:10:03,242.08,14.73,Fermi
258,651654110,2021-08-26,7:01:45,66.15,-78.27,Fermi
259,651751821,2021-08-27,10:10:16,309.32,-17.33,Fermi
260,651751169,2021-08-27,9:59:24,91.64,67.83,Fermi
261,651766354,2021-08-27,14:12:30,294.63,58.34,Fermi
262,651819844,2021-08-28,5:03:59,154.533,8.05,Fermi
263,651823082,2021-08-28,5:57:58,180.233,-73.917,Fermi
264,651937422,2021-08-29,13:43:38,69.267,28.6,Fermi
265,652073610,2021-08-31,3:33:25,169.6,63.733,Fermi
266,652326622,2021-09-03,1:50:17,178.57,39.07,Fermi
267,652321851,2021-09-03,0:30:46,270.9,15.59,Fermi
268,652382823,2021-09-03,17:26:59,154.74,19.82,Fermi
269,652457641,2021-09-04,14:13:57,8.95,-24.7,Fermi
270,652481264,2021-09-04,20:47:40,121.09,-43.97,Fermi
271,652585475,2021-09-06,1:44:30,294.0,18.78,Fermi
272,652855199,2021-09-09,4:39:54,297.017,85.933,Fermi
273,652906639,2021-09-09,18:57:15,291.43,30.86,Fermi
274,652877004,2021-09-09,10:43:19,175.44,83.87,Fermi
275,652911693,2021-09-09,20:21:28,270.867,35.533,Fermi
276,652927551,2021-09-10,0:45:47,301.7,17.76,Fermi
277,652935315,2021-09-10,2:55:10,284.983,19.183,Fermi
278,652934203,2021-09-10,2:36:38,288.62,25.96,Fermi
279,652981861,2021-09-10,15:50:57,297.65,8.75,Fermi
280,652930030,2021-09-10,1:27:06,25.867,48.25,Fermi
281,652964173,2021-09-10,10:56:08,276.033,-53.867,Fermi
282,652957973,2021-09-10,9:12:49,299.55,35.55,Fermi
283,652933271,2021-09-10,2:21:06,302.933,3.9,Fermi
284,653010039,2021-09-10,23:40:34,292.933,12.883,Fermi
285,652944960,2021-09-10,5:35:56,301.22,25.71,Fermi
286,653083551,2021-09-11,20:05:46,286.65,6.367,Fermi
287,653071808,2021-09-11,16:50:04,294.58,34.71,Fermi
288,653022153,2021-09-11,3:02:28,291.217,16.367,Fermi
289,653049776,2021-09-11,10:42:52,270.133,20.467,Fermi
290,653084584,2021-09-11,20:22:59,301.66,17.8,Fermi
291,653031163,2021-09-11,5:32:39,292.83,12.16,Fermi
292,653066130,2021-09-11,15:15:25,298.56,27.06,Fermi
293,653093506,2021-09-11,22:51:42,290.89,21.76,Fermi
294,653066776,2021-09-11,15:26:12,298.72,10.08,Fermi
295,653065385,2021-09-11,15:03:01,281.6,30.067,Fermi
296,653054042,2021-09-11,11:53:57,278.4,5.917,Fermi
297,653079281,2021-09-11,18:54:36,311.89,10.12,Fermi
298,653072474,2021-09-11,17:01:10,292.05,14.86,Fermi
299,653116452,2021-09-12,5:14:08,307.433,45.3,Fermi
300,653170575,2021-09-12,20:16:10,301.89,17.1,Fermi
301,653122278,2021-09-12,6:51:13,293.94,17.28,Fermi
302,653134216,2021-09-12,10:10:12,305.683,29.483,Fermi
303,653141965,2021-09-12,12:19:20,300.23,13.49,Fermi
304,653151835,2021-09-12,15:03:51,282.07,38.39,Fermi
305,653124492,2021-09-12,7:28:07,294.35,14.19,Fermi
306,653142699,2021-09-12,12:31:34,344.91,24.63,Fermi
307,653216489,2021-09-13,9:01:25,117.767,63.833,Fermi
308,653213811,2021-09-13,8:16:47,288.4,21.467,Fermi
309,653310641,2021-09-14,11:10:36,283.9,15.433,Fermi
310,653292770,2021-09-14,6:12:45,307.6,16.1,Fermi
311,653321747,2021-09-14,14:15:43,340.55,-5.15,Fermi
312,653313425,2021-09-14,11:57:01,317.05,31.483,Fermi
313,653289416,2021-09-14,5:16:51,102.767,19.4,Fermi
314,653354611,2021-09-14,23:23:27,15.017,24.817,Fermi
315,653427483,2021-09-15,19:37:59,312.2,-35.1,Fermi
316,653402626,2021-09-15,12:43:41,167.767,35.467,Fermi
317,653411259,2021-09-15,15:07:34,149.62,39.45,Fermi
318,653506116,2021-09-16,17:28:31,287.54,25.96,Fermi
319,653544832,2021-09-17,4:13:48,171.733,10.2,Fermi
320,653543152,2021-09-17,3:45:47,75.47,-36.18,Fermi
321,653654352,2021-09-18,10:39:07,188.417,-80.1,Fermi
322,653640254,2021-09-18,6:44:09,182.55,-64.84,Fermi
323,653628043,2021-09-18,3:20:38,96.15,-31.65,Fermi
324,653621464,2021-09-18,1:31:00,207.75,-64.967,Fermi
325,653633903,2021-09-18,4:58:19,93.183,-10.45,Fermi
326,653758796,2021-09-19,15:39:52,215.16,-77.1,Fermi
327,653809382,2021-09-20,5:42:57,46.05,40.433,Fermi
328,654034352,2021-09-22,20:12:27,161.65,5.867,Fermi
329,653967649,2021-09-22,1:40:44,293.37,14.12,Fermi
330,654090581,2021-09-23,11:49:37,83.97,-29.89,Fermi
331,654058748,2021-09-23,2:59:03,278.95,-50.54,Fermi
332,654064630,2021-09-23,4:37:06,120.117,70.3,Fermi
333,654210987,2021-09-24,21:16:23,206.45,-7.267,Fermi
334,654217377,2021-09-24,23:02:52,112.1,43.25,Fermi
335,654289952,2021-09-25,19:12:28,344.52,-16.51,Fermi
336,654225613,2021-09-25,1:20:09,47.99,-51.41,Fermi
337,654382283,2021-09-26,20:51:19,347.72,-18.42,Fermi
338,654479691,2021-09-27,23:54:46,246.56,81.42,Fermi
339,654464774,2021-09-27,19:46:10,289.68,10.99,Fermi
340,654396242,2021-09-27,0:43:58,244.37,11.8,Fermi
341,654545778,2021-09-28,18:16:14,33.58,24.11,Fermi
342,654628989,2021-09-29,17:23:04,162.35,-54.683,Fermi
343,654579704,2021-09-29,3:41:39,317.8,12.34,Fermi
344,654637347,2021-09-29,19:42:22,250.69,12.77,Fermi
345,654658271,2021-09-30,1:31:06,294.167,24.15,Fermi
346,654739449,2021-10-01,0:04:04,290.87,18.92,Fermi
347,654828955,2021-10-02,0:55:51,278.45,-35.75,Fermi
348,654893191,2021-10-02,18:46:26,219.8,-27.9,Fermi
349,654854799,2021-10-02,8:06:34,70.21,-4.78,Fermi
350,654847698,2021-10-02,6:08:13,305.933,-53.717,Fermi
351,654889526,2021-10-02,17:45:22,173.43,-19.8,Fermi
352,654961448,2021-10-03,13:44:03,155.35,-33.0,Fermi
353,655079878,2021-10-04,22:37:54,8.8,35.1,Fermi
354,655401471,2021-10-08,15:57:46,293.7,12.85,Fermi
355,655673024,2021-10-11,19:23:40,199.783,-8.483,Fermi
356,655646385,2021-10-11,11:59:41,325.75,20.19,Fermi
357,655668962,2021-10-11,18:15:57,96.883,15.933,Fermi
358,655758259,2021-10-12,19:04:15,324.4,0.567,Fermi
359,655868467,2021-10-14,1:41:02,184.2,-19.71,Fermi
360,211018936,2021-10-18,22:28:13,19.677,-3.599,Fermi
361,656268212,2021-10-18,16:43:28,138.67,-21.57,Fermi
362,656288898,2021-10-18,22:28:14,20.1,4.11,Fermi
363,656315976,2021-10-19,5:59:31,109.56,-39.19,Fermi
364,656350814,2021-10-19,15:40:10,215.467,55.1,Fermi
365,656416134,2021-10-20,9:48:50,114.8,1.633,Fermi
366,656506979,2021-10-21,11:02:54,25.62,26.65,Fermi
367,656687148,2021-10-23,13:05:43,78.79,82.27,Fermi
368,656732056,2021-10-24,1:34:11,12.67,11.34,Fermi
369,656909146,2021-10-26,2:45:42,211.45,-13.65,Fermi
370,656967216,2021-10-26,18:53:31,226.333,-63.133,Fermi
371,656920888,2021-10-26,6:01:24,208.25,-8.067,Fermi
372,657006717,2021-10-27,5:51:53,282.19,22.38,Fermi
373,657109502,2021-10-28,10:24:58,214.4,-11.8,Fermi
374,657129008,2021-10-28,15:50:04,214.633,-11.867,Fermi
375,657179452,2021-10-29,5:50:48,208.5,33.883,Fermi
376,657231385,2021-10-29,20:16:20,206.45,-66.217,Fermi
377,657346304,2021-10-31,4:11:39,71.98,-54.27,Fermi
378,657422976,2021-11-01,1:29:32,221.983,-12.85,Fermi
379,657502760,2021-11-01,23:39:15,28.3,44.783,Fermi
380,657438208,2021-11-01,5:43:23,165.33,47.25,Fermi
381,657554740,2021-11-02,14:05:35,302.13,-3.2,Fermi
382,657533168,2021-11-02,8:06:03,30.81,56.84,Fermi
383,657514783,2021-11-02,2:59:39,201.683,11.383,Fermi
384,657672429,2021-11-03,22:47:04,25.467,80.05,Fermi
385,657611102,2021-11-03,5:44:58,156.1,42.283,Fermi
386,657742914,2021-11-04,18:21:49,247.68,-52.34,Fermi
387,657744375,2021-11-04,18:46:11,17.25,13.32,Fermi
388,657723466,2021-11-04,12:57:42,332.783,-36.933,Fermi
389,657694892,2021-11-04,5:01:28,274.417,76.55,Fermi
390,657707352,2021-11-04,8:29:08,65.533,77.9,Fermi
391,657831458,2021-11-05,18:57:33,306.2,-52.4,Fermi
392,657780594,2021-11-05,4:49:50,150.283,22.733,Fermi
393,657880886,2021-11-06,8:41:22,89.217,-77.967,Fermi
394,658009245,2021-11-07,20:20:40,212.28,-65.13,Fermi
395,658118572,2021-11-09,2:42:47,254.47,-44.88,Fermi
396,658111189,2021-11-09,0:39:44,139.23,-14.97,Fermi
397,658214822,2021-11-10,5:26:58,175.65,60.167,Fermi
398,658420467,2021-11-12,14:34:22,138.38,-2.54,Fermi
399,658395813,2021-11-12,7:43:28,301.483,-8.583,Fermi
400,658493383,2021-11-13,10:49:39,261.467,-65.267,Fermi
401,658485628,2021-11-13,8:40:24,245.933,-24.767,Fermi
402,658526810,2021-11-13,20:06:45,219.05,-63.567,Fermi
403,658710179,2021-11-15,23:02:55,325.33,-9.48,Fermi
404,658686687,2021-11-15,16:31:22,120.87,-11.9,Fermi
405,658738913,2021-11-16,7:01:49,287.933,84.8,Fermi
406,658755664,2021-11-16,11:41:00,16.85,-54.57,Fermi
407,658764238,2021-11-16,14:03:53,276.24,-33.6,Fermi
408,658744958,2021-11-16,8:42:34,124.94,-55.85,Fermi
409,658971499,2021-11-18,23:38:15,21.59,70.02,Fermi
410,659106591,2021-11-20,13:09:47,47.94,47.14,Fermi
411,659183098,2021-11-21,10:24:53,98.99,-29.57,Fermi
412,659413798,2021-11-24,2:29:54,94.967,-61.433,Fermi
413,659717239,2021-11-27,14:47:14,224.683,62.567,Fermi
414,659872271,2021-11-29,9:51:06,271.36,22.6,Fermi
415,659978192,2021-11-30,15:16:27,18.33,-24.31,Fermi
416,660084177,2021-12-01,20:42:53,339.41,-7.22,Fermi
417,660017039,2021-12-01,2:03:55,30.88,-59.03,Fermi
418,660075696,2021-12-01,18:21:31,301.067,-77.583,Fermi
419,660281261,2021-12-04,3:27:36,35.57,-63.81,Fermi
420,660311410,2021-12-04,11:50:06,264.16,13.4,Fermi
421,660346625,2021-12-04,21:37:01,343.6,52.71,Fermi
422,660707847,2021-12-09,1:57:22,245.7,-46.617,Fermi
423,660736561,2021-12-09,9:55:56,166.15,-68.883,Fermi
424,660868196,2021-12-10,22:29:51,308.39,-3.98,Fermi
425,660921004,2021-12-11,13:10:00,211.31,27.15,Fermi
426,660952127,2021-12-11,21:48:43,225.94,60.42,Fermi
427,661005991,2021-12-12,12:46:26,41.8,-25.61,Fermi
428,660994088,2021-12-12,9:28:04,144.43,-2.26,Fermi
429,661053990,2021-12-13,2:06:25,67.85,-79.567,Fermi
430,661164389,2021-12-14,8:46:24,285.883,56.933,Fermi
431,661353672,2021-12-16,13:21:07,110.95,52.01,Fermi
432,661329957,2021-12-16,6:45:52,45.19,-63.35,Fermi
433,661417475,2021-12-17,7:04:30,8.88,4.45,Fermi
434,661609127,2021-12-19,12:18:43,172.517,47.317,Fermi
435,661618527,2021-12-19,14:55:23,63.27,-30.2,Fermi
436,661643391,2021-12-19,21:49:46,68.54,-63.18,Fermi
437,661613050,2021-12-19,13:24:05,293.167,-68.4,Fermi
438,661666003,2021-12-20,4:06:38,234.917,25.35,Fermi
439,661751686,2021-12-21,3:54:41,113.15,69.1,Fermi
440,661890377,2021-12-22,18:26:12,119.96,-49.38,Fermi
441,661942750,2021-12-23,8:59:06,256.867,52.267,Fermi
442,661940607,2021-12-23,8:23:22,287.62,42.22,Fermi
443,662081505,2021-12-24,23:31:40,220.89,-41.57,Fermi
444,662010159,2021-12-24,3:42:34,294.9,23.02,Fermi
445,662084433,2021-12-25,0:20:28,124.67,16.81,Fermi
446,662148849,2021-12-25,18:14:04,16.817,-49.933,Fermi
447,662163745,2021-12-25,22:22:20,139.2,58.983,Fermi
448,662216114,2021-12-26,12:55:10,293.683,13.45,Fermi
449,662509128,2021-12-29,22:18:43,185.0,-18.42,Fermi
450,662441360,2021-12-29,3:29:16,294.98,22.91,Fermi
451,662626836,2021-12-31,7:00:32,292.17,-24.92,Fermi
452,8917,2021-01-03,19:01:56,347.574,63.9828,Integral
453,8916,2021-01-03,7:58:23,355.5581,56.1622,Integral
454,8915,2021-01-03,5:11:02,335.8721,46.3335,Integral
455,8918,2021-01-05,21:38:20,13.6324,63.9202,Integral
456,8920,2021-01-06,9:29:15,0.8241,60.5491,Integral
457,8919,2021-01-06,4:17:48,349.3015,60.9191,Integral
458,8921,2021-01-07,18:39:33,194.6981,-57.7416,Integral
459,8923,2021-01-08,1:03:06,18.3706,-56.7467,Integral
460,8925,2021-01-08,20:01:36,323.8756,61.7548,Integral
461,8922,2021-01-08,0:44:54,40.6545,-52.8982,Integral
462,8924,2021-01-08,16:51:54,328.8462,55.5605,Integral
463,8930,2021-01-11,14:05:15,201.876,-59.3679,Integral
464,8929,2021-01-11,6:24:58,218.6617,-58.0575,Integral
465,8931,2021-01-13,9:31:11,14.8584,72.6203,Integral
466,8932,2021-01-14,16:06:21,228.2559,-23.7824,Integral
467,8933,2021-01-16,10:53:30,16.3064,48.363,Integral
468,8934,2021-01-17,6:24:40,44.9888,63.4143,Integral
469,8935,2021-01-17,21:40:01,245.6474,-56.5629,Integral
470,8938,2021-01-19,6:42:20,315.9342,47.0459,Integral
471,8936,2021-01-19,3:40:26,337.5068,51.8138,Integral
472,8937,2021-01-19,4:51:07,318.4905,50.3898,Integral
473,8939,2021-01-21,19:56:50,246.5969,-56.7175,Integral
474,8942,2021-01-22,21:57:03,7.8991,55.6518,Integral
475,8940,2021-01-22,2:07:00,240.0302,-55.9641,Integral
476,8945,2021-01-24,12:53:13,334.1906,45.869,Integral
477,8946,2021-01-24,14:21:01,335.0243,56.2088,Integral
478,8944,2021-01-24,12:42:42,335.6336,51.3119,Integral
479,8949,2021-01-25,20:05:24,158.1284,-56.118,Integral
480,8947,2021-01-25,9:52:57,207.2288,0.6462,Integral
481,8948,2021-01-25,19:19:54,160.096,-65.0615,Integral
482,8951,2021-01-26,14:57:13,135.6285,-57.4206,Integral
483,8950,2021-01-26,14:22:50,141.1422,-52.5045,Integral
484,8952,2021-01-27,9:05:12,245.5197,-44.8545,Integral
485,8953,2021-01-28,2:35:23,313.854,39.7535,Integral
486,8956,2021-01-29,8:08:25,74.6098,7.5064,Integral
487,8955,2021-01-29,8:06:47,63.6357,7.4849,Integral
488,8954,2021-01-29,8:00:26,75.4027,3.9535,Integral
489,8958,2021-01-30,21:11:53,215.2352,-19.2387,Integral
490,8957,2021-01-30,17:51:42,250.4428,-29.1059,Integral
491,8959,2021-02-01,0:43:38,39.5316,10.3652,Integral
492,8964,2021-02-01,18:00:38,248.8904,-31.362,Integral
493,8962,2021-02-01,17:34:11,249.7808,-26.2064,Integral
494,8960,2021-02-01,14:45:00,263.3662,-37.3125,Integral
495,8963,2021-02-01,17:38:14,252.5773,-25.5836,Integral
496,8961,2021-02-01,15:13:06,259.9374,-31.4744,Integral
497,8965,2021-02-02,12:54:29,293.7405,21.8713,Integral
498,8966,2021-02-03,5:48:05,43.2462,15.6349,Integral
499,8967,2021-02-04,3:08:19,260.2639,-13.1602,Integral
500,8968,2021-02-04,6:53:46,263.7295,-20.4275,Integral
501,8969,2021-02-07,14:23:05,66.211,5.2567,Integral
502,8971,2021-02-08,22:49:11,278.4993,-30.0514,Integral
503,8970,2021-02-08,13:32:29,260.1975,-12.6667,Integral
504,8972,2021-02-09,10:45:45,80.3798,10.6108,Integral
505,8973,2021-02-10,10:47:24,83.6713,-4.2086,Integral
506,8974,2021-02-12,17:16:20,278.3668,-26.1769,Integral
507,8979,2021-02-14,18:26:45,21.1611,61.5502,Integral
508,8984,2021-02-17,14:11:14,265.1335,-26.9393,Integral
509,8983,2021-02-17,13:10:55,262.3424,-29.6583,Integral
510,8981,2021-02-17,12:18:04,267.6916,-31.5071,Integral
511,8985,2021-02-17,14:16:49,270.6601,-20.2613,Integral
512,8986,2021-02-17,17:01:49,263.0674,-24.5884,Integral
513,8982,2021-02-17,12:19:24,267.5092,-24.806,Integral
514,8988,2021-02-19,14:03:05,74.6655,-6.7758,Integral
515,8989,2021-02-20,1:50:51,266.2527,-45.2272,Integral
516,8991,2021-02-20,22:11:00,265.5229,-33.1561,Integral
517,9003,2021-02-22,23:46:13,269.5793,-28.5845,Integral
518,9004,2021-02-22,23:48:52,266.5976,-35.5855,Integral
519,9001,2021-02-22,22:07:08,268.3593,-28.1996,Integral
520,9011,2021-02-23,21:02:32,89.5779,-4.8129,Integral
521,9010,2021-02-23,17:56:15,82.1493,3.1296,Integral
522,9015,2021-02-24,20:07:53,69.8226,2.7455,Integral
523,9017,2021-02-25,22:23:07,268.8872,-16.8452,Integral
524,9018,2021-02-26,6:28:26,270.6129,-33.0549,Integral
525,9020,2021-02-27,4:43:53,73.8116,16.8064,Integral
526,9021,2021-02-28,19:40:06,268.7233,-23.7675,Integral
527,9027,2021-03-01,4:27:53,269.0024,-29.822,Integral
528,9030,2021-03-02,6:23:31,78.0382,4.3897,Integral
529,9032,2021-03-02,7:12:39,49.4514,33.6044,Integral
530,9031,2021-03-02,7:11:24,52.848,40.8878,Integral
531,9028,2021-03-02,1:11:52,86.1762,10.474,Integral
532,9029,2021-03-02,1:27:17,73.1905,7.4346,Integral
533,9033,2021-03-02,16:19:36,292.1511,19.85,Integral
534,9035,2021-03-04,17:39:09,120.604,70.5539,Integral
535,9036,2021-03-05,20:30:24,269.5313,-26.6041,Integral
536,9037,2021-03-06,7:10:43,191.58,-55.1605,Integral
537,9041,2021-03-09,19:48:58,149.2303,68.2317,Integral
538,9042,2021-03-11,12:29:52,200.1191,-60.3662,Integral
539,9043,2021-03-11,13:57:32,83.6616,21.4643,Integral
540,9073,2021-03-12,20:52:20,155.843,76.8713,Integral
541,9075,2021-03-12,22:38:31,104.0902,11.7543,Integral
542,9074,2021-03-12,21:33:21,130.8461,78.9608,Integral
543,9072,2021-03-12,19:58:51,162.4077,82.1514,Integral
544,9070,2021-03-12,8:44:46,156.498,69.002,Integral
545,9077,2021-03-14,2:21:35,277.8795,-26.513,Integral
546,9083,2021-03-16,5:21:52,266.4125,-28.9628,Integral
547,9086,2021-03-17,10:18:23,90.3196,22.8251,Integral
548,9087,2021-03-18,16:40:14,65.4932,41.0981,Integral
549,9088,2021-03-18,20:15:58,64.7554,43.5313,Integral
550,9094,2021-03-21,17:13:58,269.6189,-27.8794,Integral
551,9093,2021-03-21,14:55:34,268.4115,-26.4159,Integral
552,9091,2021-03-21,8:31:10,302.11,-37.5115,Integral
553,9092,2021-03-21,9:59:40,300.2103,-41.3988,Integral
554,9096,2021-03-23,23:56:39,269.5277,-33.2835,Integral
555,9099,2021-03-24,1:21:17,267.5031,-34.0193,Integral
556,9098,2021-03-24,0:59:42,276.0695,-22.1617,Integral
557,9097,2021-03-24,0:05:19,269.62,-30.7821,Integral
558,9100,2021-03-24,5:24:06,271.6486,-31.7802,Integral
559,9101,2021-03-25,2:31:35,129.5692,71.0413,Integral
560,9102,2021-03-25,17:14:12,172.8959,69.3788,Integral
561,9103,2021-03-26,16:54:04,76.5626,18.3893,Integral
562,9106,2021-03-27,23:13:10,83.5181,22.0313,Integral
563,9109,2021-03-28,20:09:43,73.4748,18.9746,Integral
564,9108,2021-03-28,10:50:29,85.5528,19.7695,Integral
565,9107,2021-03-28,9:30:53,81.908,19.6583,Integral
566,9115,2021-03-29,21:29:50,303.9512,-30.364,Integral
567,9110,2021-03-29,8:12:14,265.4655,-22.303,Integral
568,9111,2021-03-29,8:36:56,268.226,-28.4283,Integral
569,9113,2021-03-29,18:18:20,268.4943,-25.0714,Integral
570,9114,2021-03-29,19:48:26,265.9976,-35.4607,Integral
571,9116,2021-03-30,2:21:41,267.0836,-26.1968,Integral
572,9119,2021-04-02,17:59:18,268.481,-8.5042,Integral
573,9118,2021-04-02,16:14:45,266.039,-4.2827,Integral
574,9122,2021-04-03,18:49:04,268.2958,-37.5986,Integral
575,9121,2021-04-03,17:05:58,264.7125,-29.9949,Integral
576,9120,2021-04-03,16:54:38,261.6218,-28.9131,Integral
577,9124,2021-04-05,1:56:11,266.128,-34.5773,Integral
578,9127,2021-04-06,19:25:34,153.7238,68.8412,Integral
579,9126,2021-04-06,17:11:55,132.4588,76.5322,Integral
580,9125,2021-04-06,8:52:07,138.6398,72.8447,Integral
581,9129,2021-04-07,7:07:04,83.5709,22.4333,Integral
582,9128,2021-04-07,7:00:24,83.5582,22.4317,Integral
583,9130,2021-04-09,2:47:41,263.4512,-28.0161,Integral
584,9132,2021-04-09,8:22:47,269.1589,-23.1226,Integral
585,9131,2021-04-09,5:29:02,262.1351,-36.4178,Integral
586,9136,2021-04-11,20:31:35,284.9431,-23.2421,Integral
587,9134,2021-04-11,0:17:34,147.7265,63.9581,Integral
588,9135,2021-04-11,15:05:53,287.1897,-22.6181,Integral
589,9138,2021-04-14,6:05:03,291.2798,18.8357,Integral
590,9140,2021-04-14,9:41:35,289.2748,35.0325,Integral
591,9139,2021-04-14,7:55:51,295.8667,29.9729,Integral
592,9141,2021-04-15,15:39:27,77.5164,1.6532,Integral
593,9142,2021-04-17,0:21:36,267.2051,-34.0739,Integral
594,9145,2021-04-17,13:08:54,306.2219,-35.7073,Integral
595,9143,2021-04-17,0:41:26,267.0634,-35.1953,Integral
596,9144,2021-04-17,4:06:15,271.8582,-24.3786,Integral
597,9150,2021-04-19,15:14:07,126.1893,12.8187,Integral
598,9149,2021-04-19,14:16:22,127.8094,16.5493,Integral
599,9153,2021-04-21,6:33:01,286.7325,13.4188,Integral
600,9155,2021-04-21,20:34:05,208.7239,-71.9718,Integral
601,9159,2021-04-22,16:06:02,148.8841,69.9726,Integral
602,9156,2021-04-22,5:40:28,120.2076,16.3007,Integral
603,9157,2021-04-22,9:32:47,101.2769,62.6937,Integral
604,9160,2021-04-23,11:51:23,270.1423,-25.3289,Integral
605,9161,2021-04-23,18:51:36,298.7358,-42.1264,Integral
606,9170,2021-04-24,23:33:06,260.7838,-30.8408,Integral
607,9169,2021-04-24,7:01:31,266.9075,-23.7954,Integral
608,9171,2021-04-25,2:38:55,271.5802,-30.0425,Integral
609,9172,2021-04-26,6:55:33,293.1688,6.8041,Integral
610,9173,2021-04-27,16:28:32,278.5637,-38.1914,Integral
611,9174,2021-04-27,17:07:12,270.0783,-45.5045,Integral
612,9175,2021-04-28,2:35:18,270.3623,-33.7579,Integral
613,9177,2021-04-29,5:43:12,137.1481,64.9889,Integral
614,9178,2021-04-30,5:42:25,137.1702,30.933,Integral
615,9179,2021-04-30,7:59:13,132.2965,14.6837,Integral
616,9180,2021-04-30,14:51:48,131.8374,14.4247,Integral
617,9184,2021-05-01,16:44:42,297.0478,8.3539,Integral
618,9182,2021-05-01,6:20:00,287.2202,6.2162,Integral
619,9181,2021-05-01,0:36:28,149.8264,18.5559,Integral
620,9186,2021-05-02,23:05:27,284.2584,-36.0168,Integral
621,9187,2021-05-04,20:12:08,122.0964,67.8594,Integral
622,9189,2021-05-05,15:34:04,301.3891,12.2208,Integral
623,9190,2021-05-05,15:48:32,291.0784,16.7684,Integral
624,9188,2021-05-05,12:51:59,292.0734,19.8543,Integral
625,9192,2021-05-06,11:19:26,284.683,13.9086,Integral
626,9194,2021-05-06,18:39:02,126.7854,19.9226,Integral
627,9195,2021-05-07,0:51:56,129.9484,20.3451,Integral
628,9196,2021-05-07,13:07:42,141.6546,-56.0419,Integral
629,9197,2021-05-08,12:12:36,171.3963,-58.6311,Integral
630,9199,2021-05-08,13:29:38,186.0615,-60.5952,Integral
631,9198,2021-05-08,12:31:32,172.5058,-59.6512,Integral
632,9201,2021-05-08,19:41:32,266.8467,-68.6864,Integral
633,9204,2021-05-09,2:59:17,263.749,-65.4231,Integral
634,9205,2021-05-09,14:41:33,139.5812,61.9416,Integral
635,9203,2021-05-09,2:51:50,257.7741,-66.6438,Integral
636,9202,2021-05-09,2:23:29,263.2612,-65.6156,Integral
637,9206,2021-05-10,22:26:56,336.5578,-5.1173,Integral
638,9210,2021-05-13,13:42:17,139.024,69.0981,Integral
639,9211,2021-05-13,15:52:33,167.064,68.186,Integral
640,9213,2021-05-14,21:15:05,157.563,71.9732,Integral
641,9219,2021-05-21,14:31:21,143.0916,3.032,Integral
642,9220,2021-05-21,16:17:26,152.8264,10.837,Integral
643,9223,2021-05-24,7:17:53,154.9165,2.9118,Integral
644,9224,2021-05-24,11:45:18,161.4085,8.02,Integral
645,9234,2021-05-29,14:27:54,316.9115,-14.0165,Integral
646,9232,2021-05-29,12:59:46,315.4008,-7.9094,Integral
647,9235,2021-05-29,21:28:43,318.2241,-14.0535,Integral
648,9231,2021-05-29,12:50:48,318.8362,-17.5882,Integral
649,9230,2021-05-29,12:38:17,315.1284,-15.3986,Integral
650,9233,2021-05-29,13:23:46,318.3342,-9.0592,Integral
651,9236,2021-05-30,17:15:55,123.3029,-31.9193,Integral
652,9237,2021-05-31,2:33:16,135.1436,-47.6767,Integral
653,9239,2021-06-01,7:32:33,162.7698,77.1292,Integral
654,9241,2021-06-01,8:57:06,151.9576,73.0348,Integral
655,9247,2021-06-01,16:48:56,152.9724,72.6915,Integral
656,9243,2021-06-01,9:30:20,142.4195,71.058,Integral
657,9240,2021-06-01,7:35:05,177.0534,77.6634,Integral
658,9238,2021-06-01,5:44:42,119.8394,77.2425,Integral
659,9244,2021-06-01,12:35:55,156.8277,67.4178,Integral
660,9245,2021-06-01,13:46:42,148.4182,62.4635,Integral
661,9246,2021-06-01,15:08:08,145.8401,74.0757,Integral
662,9242,2021-06-01,9:23:14,151.9123,68.757,Integral
663,9249,2021-06-02,21:04:41,333.7817,-5.3752,Integral
664,9251,2021-06-03,20:16:10,132.2208,69.4377,Integral
665,9250,2021-06-03,0:35:42,329.2355,-15.7551,Integral
666,9252,2021-06-03,21:06:14,138.9588,71.3795,Integral
667,9255,2021-06-06,12:31:46,170.2466,-3.4071,Integral
668,9254,2021-06-06,0:16:26,163.843,5.3692,Integral
669,9257,2021-06-07,16:19:27,324.5036,3.6562,Integral
670,9259,2021-06-09,5:14:02,324.8615,14.4019,Integral
671,9260,2021-06-09,9:48:38,329.1286,14.143,Integral
672,9262,2021-06-11,22:43:15,149.4857,72.1623,Integral
673,9263,2021-06-12,2:21:46,149.1818,67.7615,Integral
674,9264,2021-06-12,3:18:58,155.2702,67.0652,Integral
675,9268,2021-06-16,4:43:30,125.5494,-28.454,Integral
676,9270,2021-06-17,23:23:28,328.7749,-62.9074,Integral
677,9273,2021-06-19,19:39:11,322.1282,0.735,Integral
678,9271,2021-06-19,18:45:32,320.4565,-1.8276,Integral
679,9272,2021-06-19,19:02:43,320.277,-1.4635,Integral
680,9274,2021-06-19,21:10:54,324.7433,5.5182,Integral
681,9275,2021-06-20,23:59:22,197.3558,-4.6684,Integral
682,9276,2021-06-22,10:24:12,198.9015,-23.5538,Integral
683,9277,2021-06-25,19:07:37,295.6203,34.7659,Integral
684,9280,2021-06-27,19:48:53,194.3211,-62.1827,Integral
685,9278,2021-06-27,18:12:21,185.0794,-63.0792,Integral
686,9282,2021-06-27,23:45:16,185.6849,-56.4008,Integral
687,9279,2021-06-27,18:16:52,194.7099,-69.2745,Integral
688,9281,2021-06-27,20:58:43,158.6321,-76.7361,Integral
689,9283,2021-06-28,2:42:53,191.5987,-58.4455,Integral
690,9285,2021-06-30,13:51:15,122.8585,-20.5171,Integral
691,9284,2021-06-30,12:21:00,111.9646,-22.6137,Integral
692,9286,2021-06-30,14:54:14,126.1845,-28.8544,Integral
693,9288,2021-07-02,10:33:13,309.376,38.3595,Integral
694,9289,2021-07-03,2:53:16,291.9844,36.6216,Integral
695,9290,2021-07-03,3:37:07,293.7168,37.5474,Integral
696,9292,2021-07-05,20:21:40,301.5426,39.4488,Integral
697,9291,2021-07-05,1:26:51,126.897,-50.3735,Integral
698,9293,2021-07-05,23:43:10,307.1515,32.8309,Integral
699,9294,2021-07-06,17:14:51,293.7137,21.8645,Integral
700,9295,2021-07-07,0:33:33,293.7242,21.8921,Integral
701,9296,2021-07-07,22:25:20,192.546,-63.2762,Integral
702,9297,2021-07-08,9:38:14,191.128,-11.1786,Integral
703,9299,2021-07-08,16:18:32,297.5059,36.4679,Integral
704,9298,2021-07-08,10:26:36,242.7794,32.6695,Integral
705,9301,2021-07-11,4:00:52,304.5855,46.4663,Integral
706,9300,2021-07-11,3:17:08,298.1851,39.1761,Integral
707,9302,2021-07-12,4:32:41,293.6953,21.9084,Integral
708,9304,2021-07-13,17:58:50,118.735,-32.7943,Integral
709,9303,2021-07-13,17:21:39,119.6756,-28.5325,Integral
710,9307,2021-07-14,7:14:45,137.6482,-37.3069,Integral
711,9306,2021-07-14,4:02:37,113.7621,-28.936,Integral
712,9305,2021-07-14,1:20:33,128.8285,-40.3545,Integral
713,9308,2021-07-14,18:43:20,136.9133,-43.298,Integral
714,9309,2021-07-16,14:27:19,36.4419,7.7818,Integral
715,9310,2021-07-17,17:56:39,238.4252,-62.1939,Integral
716,9312,2021-07-18,15:35:35,77.2687,-58.6227,Integral
717,9313,2021-07-19,2:53:08,134.6163,-45.3323,Integral
718,9314,2021-07-19,5:46:15,131.5463,-40.2745,Integral
719,9315,2021-07-21,18:21:45,302.1432,34.5945,Integral
720,9316,2021-07-23,16:59:38,172.4511,-63.9953,Integral
721,9317,2021-07-24,12:10:26,318.6014,48.624,Integral
722,9318,2021-07-24,14:23:42,309.1732,50.0424,Integral
723,9322,2021-07-27,4:09:25,350.0369,59.3546,Integral
724,9321,2021-07-27,3:50:13,349.7543,61.6353,Integral
725,9320,2021-07-27,2:06:29,350.2749,66.3416,Integral
726,9319,2021-07-27,1:44:30,351.4219,65.4352,Integral
727,9323,2021-07-29,17:49:02,69.2178,-4.2052,Integral
728,9324,2021-07-29,20:34:23,64.7903,0.5254,Integral
729,9326,2021-07-30,10:53:11,69.6431,8.1407,Integral
730,9325,2021-07-30,10:01:12,77.4693,12.5914,Integral
731,9327,2021-08-02,16:02:35,248.1626,-34.2579,Integral
732,9329,2021-08-04,2:35:04,305.013,44.4401,Integral
733,9331,2021-08-06,17:06:30,72.6461,3.2268,Integral
734,9332,2021-08-07,6:16:00,61.9451,4.816,Integral
735,9334,2021-08-07,12:31:36,28.4253,17.3067,Integral
736,9337,2021-08-09,10:01:53,71.5051,-1.6277,Integral
737,9336,2021-08-09,7:35:58,127.2502,-33.8465,Integral
738,9340,2021-08-12,2:11:35,79.879,-0.0181,Integral
739,9342,2021-08-12,16:13:50,72.0449,-0.0344,Integral
740,9341,2021-08-12,5:56:55,69.203,2.4523,Integral
741,9339,2021-08-12,0:35:19,74.3685,10.9703,Integral
742,9338,2021-08-12,0:11:59,65.6863,7.1616,Integral
743,9343,2021-08-13,2:01:11,263.9309,-24.1697,Integral
744,9348,2021-08-14,19:52:23,73.826,-11.0051,Integral
745,9345,2021-08-14,15:33:33,137.2582,71.2893,Integral
746,9347,2021-08-14,17:26:28,151.3373,65.3955,Integral
747,9346,2021-08-14,16:34:39,141.9967,63.0161,Integral
748,9351,2021-08-18,3:32:30,83.9128,23.4792,Integral
749,9353,2021-08-18,21:06:47,267.216,-30.3783,Integral
750,9350,2021-08-18,1:15:42,83.8682,27.8845,Integral
751,9354,2021-08-20,8:27:20,261.089,-6.9825,Integral
752,9355,2021-08-20,23:39:17,138.1579,54.634,Integral
753,9358,2021-08-22,16:45:16,77.8859,-6.5756,Integral
754,9357,2021-08-22,14:45:21,74.8096,-9.1994,Integral
755,9359,2021-08-22,19:57:11,70.7827,-3.0555,Integral
756,9360,2021-08-23,19:41:36,200.3169,-8.3885,Integral
757,9361,2021-08-26,5:21:10,258.2791,-24.3812,Integral
758,9365,2021-08-28,10:29:07,81.7863,21.8968,Integral
759,9363,2021-08-28,4:42:23,263.0274,-25.5618,Integral
760,9364,2021-08-28,5:16:41,259.8724,-26.0641,Integral
761,9367,2021-08-29,4:09:50,85.2565,24.739,Integral
762,9366,2021-08-29,3:27:20,85.8849,22.6519,Integral
763,9368,2021-08-30,18:15:28,241.6954,-37.8489,Integral
764,9370,2021-08-30,19:42:24,244.3058,-43.1336,Integral
765,9369,2021-08-30,19:20:59,252.9139,-41.6276,Integral
766,9371,2021-08-30,20:15:04,251.7424,-38.0382,Integral
767,9372,2021-08-30,22:10:48,247.6765,-34.6081,Integral
768,9374,2021-08-31,11:37:21,264.3344,-32.3249,Integral
769,9373,2021-08-31,11:22:56,264.4491,-23.9439,Integral
770,9375,2021-09-02,12:32:17,90.3338,-4.8836,Integral
771,9376,2021-09-02,14:31:19,80.563,-6.6957,Integral
772,9379,2021-09-03,16:53:11,263.1041,-32.2682,Integral
773,9380,2021-09-06,4:12:23,269.3901,-25.41,Integral
774,9381,2021-09-06,4:14:58,260.7048,-32.5995,Integral
775,9382,2021-09-09,9:26:29,278.2557,-17.3098,Integral
776,9383,2021-09-10,12:21:38,272.1782,-23.427,Integral
777,9386,2021-09-11,15:23:28,151.9528,67.0293,Integral
778,9385,2021-09-11,8:36:25,224.9415,37.2313,Integral
779,9384,2021-09-11,5:36:39,255.0965,-62.2353,Integral
780,9387,2021-09-14,10:50:17,40.4814,64.7426,Integral
781,9389,2021-09-14,22:46:42,35.4668,62.344,Integral
782,9388,2021-09-14,18:17:54,22.4609,76.9884,Integral
783,9391,2021-09-15,13:27:58,60.8717,62.2249,Integral
784,9390,2021-09-15,13:25:20,41.3851,51.1704,Integral
785,9393,2021-09-17,17:45:33,271.1899,-70.5924,Integral
786,9392,2021-09-17,4:09:22,256.8287,-71.4316,Integral
787,9396,2021-09-20,23:56:17,256.7603,-25.4645,Integral
788,9395,2021-09-20,22:39:38,267.1439,-25.8511,Integral
789,9398,2021-09-21,4:47:33,263.6792,-21.772,Integral
790,9399,2021-09-21,5:35:52,268.3428,-26.9315,Integral
791,9397,2021-09-21,3:22:09,264.6217,-23.9804,Integral
792,9400,2021-09-22,0:40:29,271.8281,-20.3676,Integral
793,9425,2021-10-01,14:20:51,86.8531,4.7134,Integral
794,9424,2021-10-01,12:42:57,88.3961,10.4431,Integral
795,9426,2021-10-01,14:37:49,83.4784,0.2483,Integral
796,9431,2021-10-04,11:09:30,248.0727,-58.1809,Integral
797,9430,2021-10-04,10:40:16,247.0059,-58.1785,Integral
798,9429,2021-10-04,7:51:34,243.1856,-50.5685,Integral
799,9428,2021-10-04,7:38:50,227.4593,-51.0177,Integral
800,9427,2021-10-04,4:43:31,252.4678,-50.1623,Integral
801,9432,2021-10-04,20:38:32,245.63,-54.1805,Integral
802,9433,2021-10-06,20:42:02,159.0063,65.785,Integral
803,9434,2021-10-08,23:58:02,88.3154,6.3838,Integral
804,9437,2021-10-09,14:51:01,290.9996,6.1325,Integral
805,9436,2021-10-09,13:18:34,288.29,9.633,Integral
806,9435,2021-10-09,11:55:39,199.4372,-67.0841,Integral
807,9438,2021-10-09,16:47:07,283.403,15.6654,Integral
808,9439,2021-10-09,20:23:30,288.7233,13.9747,Integral
809,9440,2021-10-10,4:33:37,291.032,8.6575,Integral
810,9442,2021-10-12,7:10:53,101.0484,24.3932,Integral
811,9441,2021-10-12,6:19:44,92.2496,21.3893,Integral
812,9443,2021-10-13,2:46:11,81.9648,26.52,Integral
813,9444,2021-10-14,21:32:02,92.8918,9.2218,Integral
814,9445,2021-10-15,12:30:34,79.3923,-0.9517,Integral
815,9446,2021-10-16,10:00:09,272.1323,-20.4006,Integral
816,9448,2021-10-17,12:12:04,277.8249,-25.5001,Integral
817,9450,2021-10-17,22:57:45,271.913,-24.7845,Integral
818,9447,2021-10-17,12:04:52,272.5629,-32.5115,Integral
819,9449,2021-10-17,12:47:36,274.7755,-23.8595,Integral
820,9451,2021-10-18,12:10:50,150.6639,60.8488,Integral
821,9454,2021-10-21,14:12:18,83.1085,19.1918,Integral
822,9455,2021-10-21,23:36:50,84.8683,14.177,Integral
823,9457,2021-10-22,22:18:21,286.0196,14.3455,Integral
824,9456,2021-10-22,7:31:21,85.61,19.873,Integral
825,9460,2021-10-23,13:13:19,297.7706,6.1368,Integral
826,9458,2021-10-23,7:24:16,286.1717,5.0066,Integral
827,9461,2021-10-24,10:29:49,272.1304,-34.6292,Integral
828,9462,2021-10-24,11:11:03,278.7083,-26.0103,Integral
829,9466,2021-10-25,18:35:57,266.3406,-30.4225,Integral
830,9465,2021-10-25,18:14:51,266.3311,-30.658,Integral
831,9464,2021-10-25,13:14:49,271.6188,-28.7381,Integral
832,9463,2021-10-25,11:38:12,266.5329,-27.6918,Integral
833,9468,2021-10-26,12:51:00,307.0617,37.5046,Integral
834,9469,2021-10-26,15:47:47,316.9145,38.1579,Integral
835,9467,2021-10-26,2:51:44,301.6416,37.3096,Integral
836,9470,2021-10-27,1:32:52,157.2057,18.0603,Integral
837,9471,2021-10-27,5:45:14,134.6397,-34.1323,Integral
838,9472,2021-10-28,4:32:11,117.6547,-13.1659,Integral
839,9473,2021-10-28,10:08:50,108.1433,-12.3756,Integral
840,9475,2021-10-29,16:28:44,284.4319,3.7531,Integral
841,9480,2021-10-30,22:16:48,262.7865,-33.2007,Integral
842,9477,2021-10-30,19:41:00,267.8019,-44.9535,Integral
843,9478,2021-10-30,20:30:00,263.4624,-41.6562,Integral
844,9482,2021-10-30,23:42:24,266.3641,-34.1645,Integral
845,9476,2021-10-30,18:52:01,216.5473,-63.1767,Integral
846,9481,2021-10-30,23:15:16,254.6528,-44.1102,Integral
847,9479,2021-10-30,20:47:18,268.7058,-38.1083,Integral
848,9494,2021-10-31,18:41:56,144.0929,64.2505,Integral
849,9486,2021-10-31,5:02:51,279.7825,-40.8874,Integral
850,9483,2021-10-31,3:23:04,277.4695,-39.802,Integral
851,9489,2021-10-31,12:28:18,176.9972,58.2732,Integral
852,9496,2021-10-31,19:10:21,151.018,63.9679,Integral
853,9495,2021-10-31,19:01:49,148.3265,61.6901,Integral
854,9492,2021-10-31,16:23:02,166.931,69.6919,Integral
855,9497,2021-10-31,20:08:13,149.5782,63.6841,Integral
856,9485,2021-10-31,4:12:58,276.7628,-39.0913,Integral
857,9491,2021-10-31,15:23:00,167.1509,70.5024,Integral
858,9487,2021-10-31,8:36:42,274.0388,-34.9458,Integral
859,9493,2021-10-31,16:35:49,185.4905,59.1073,Integral
860,9490,2021-10-31,14:44:08,175.2602,59.8345,Integral
861,9484,2021-10-31,3:45:14,276.8598,-38.0652,Integral
862,9488,2021-10-31,8:44:03,283.5057,-33.8545,Integral
863,9502,2021-11-01,14:54:41,146.1318,67.9492,Integral
864,9499,2021-11-01,9:11:52,150.584,73.0027,Integral
865,9503,2021-11-01,20:06:28,177.6729,68.5845,Integral
866,9501,2021-11-01,13:21:28,141.5076,64.4393,Integral
867,9500,2021-11-01,9:20:36,134.7849,72.9367,Integral
868,9498,2021-11-01,7:20:28,164.6601,67.4453,Integral
869,9508,2021-11-07,8:22:02,166.8376,-54.8135,Integral
870,9510,2021-11-07,18:35:24,302.5064,33.5147,Integral
871,9509,2021-11-07,8:39:21,166.8207,-54.7914,Integral
872,9511,2021-11-09,6:28:27,112.0731,73.8776,Integral
873,9512,2021-11-10,13:58:42,291.2216,6.9384,Integral
874,9513,2021-11-11,21:21:48,111.6646,-14.7109,Integral
875,9514,2021-11-12,6:17:15,111.0614,-21.9801,Integral
876,9516,2021-11-13,3:01:56,145.7314,68.8588,Integral
877,9515,2021-11-13,2:29:11,145.5819,68.4889,Integral
878,9517,2021-11-14,6:45:17,128.9932,-33.2413,Integral
879,9518,2021-11-14,13:00:57,126.4099,-43.7975,Integral
880,9520,2021-11-16,16:58:20,152.8366,14.2274,Integral
881,9522,2021-11-18,12:03:09,287.0513,0.9605,Integral
882,9521,2021-11-18,11:52:18,289.3065,9.1734,Integral
883,9524,2021-11-20,9:36:18,108.4599,-22.7489,Integral
884,9531,2021-11-21,18:13:10,288.9027,11.7222,Integral
885,9529,2021-11-21,14:53:16,288.3606,10.1219,Integral
886,9526,2021-11-21,11:40:28,276.3543,10.4759,Integral
887,9527,2021-11-21,12:56:28,289.024,6.7655,Integral
888,9530,2021-11-21,15:15:50,290.4539,12.435,Integral
889,9525,2021-11-21,10:22:20,275.2943,11.2478,Integral
890,9534,2021-11-21,22:12:28,282.7802,-0.7663,Integral
891,9532,2021-11-21,18:21:25,281.7836,3.6304,Integral
892,9533,2021-11-21,20:31:24,285.2432,13.8045,Integral
893,9528,2021-11-21,13:39:48,288.2402,13.6673,Integral
894,9538,2021-11-22,2:01:40,139.0044,-30.8049,Integral
895,9535,2021-11-22,0:26:04,209.5555,-71.0418,Integral
896,9540,2021-11-22,5:59:06,134.0424,-43.9749,Integral
897,9537,2021-11-22,1:34:04,126.2804,-22.7312,Integral
898,9539,2021-11-22,5:51:54,125.9925,-33.2462,Integral
899,9536,2021-11-22,1:29:16,141.7916,-31.0643,Integral
900,9541,2021-11-22,6:09:25,123.0219,-36.6738,Integral
901,9542,2021-11-23,19:56:29,128.6476,-46.1058,Integral
902,9543,2021-11-25,2:53:46,143.9549,68.3899,Integral
903,9544,2021-11-26,9:39:09,296.6112,36.9212,Integral
904,9545,2021-11-26,12:34:00,297.2348,36.0497,Integral
905,9546,2021-11-29,4:03:12,300.4043,27.9854,Integral
906,9548,2021-12-01,7:36:24,115.8678,-39.0683,Integral
907,9549,2021-12-02,22:43:31,139.9632,-49.9353,Integral
908,9550,2021-12-03,2:18:45,130.5301,-53.813,Integral
909,9551,2021-12-04,11:13:56,293.1082,27.466,Integral
910,9553,2021-12-06,15:09:43,116.2311,-25.2147,Integral
911,9554,2021-12-07,1:46:09,295.1001,29.274,Integral
912,9555,2021-12-07,5:42:13,289.3021,26.7025,Integral
913,9556,2021-12-09,5:56:54,135.6726,-60.7129,Integral
914,9559,2021-12-12,21:15:07,344.9819,24.6048,Integral
915,9560,2021-12-14,0:29:56,135.2956,-65.285,Integral
916,9562,2021-12-15,2:26:52,306.8887,39.9139,Integral
917,9561,2021-12-15,1:06:15,309.9941,35.1017,Integral
918,9565,2021-12-17,5:46:46,156.2442,-58.1629,Integral
919,9566,2021-12-17,6:35:31,169.6243,-56.0368,Integral
920,9567,2021-12-18,3:26:14,297.1732,34.3023,Integral
921,9568,2021-12-19,12:26:54,174.4796,-60.2159,Integral
922,9573,2021-12-22,13:26:23,183.1775,-64.9731,Integral
923,9572,2021-12-22,12:42:47,199.021,-65.3152,Integral
924,9574,2021-12-23,23:21:14,153.7672,65.9465,Integral
925,9579,2021-12-29,5:23:13,323.3087,44.134,Integral
926,9578,2021-12-29,5:04:42,310.6994,38.711,Integral
927,9577,2021-12-29,3:08:17,305.0278,32.1542,Integral
928,9582,2021-12-30,11:37:07,156.1291,-54.8296,Integral
929,9584,2021-12-30,13:43:49,220.578,-53.3588,Integral
930,9583,2021-12-30,13:11:12,223.9821,-50.6995,Integral
931,1091101,2021-12-27,23:32:07,132.126,-2.702,Swift
932,1090853,2021-12-25,13:12:19,258.568,17.262,Swift
933,1090656,2021-12-23,14:29:27,227.164,-26.873,Swift
934,1090472,2021-12-21,20:48:41,78.938,0.94,Swift
935,1088940,2021-12-11,13:10:00,212.272,27.884,Swift
936,1088376,2021-12-07,20:52:57,149.625,-24.352,Swift
937,1086826,2021-12-03,9:02:38,170.174,16.256,Swift
938,1085430,2021-11-29,9:51:06,274.557,31.776,Swift
939,1082569,2021-11-05,10:27:23,271.077,41.399,Swift
940,1081113,2021-10-25,5:10:20,162.377,31.557,Swift
941,1081073,2021-10-24,22:20:36,154.688,24.579,Swift
942,1080859,2021-10-23,21:05:52,170.302,39.137,Swift
943,1079966,2021-10-17,23:45:16,244.979,-15.842,Swift
944,1078701,2021-10-10,10:42:36,287.08,29.822,Swift
945,1076121,2021-10-01,0:43:20,71.47,12.04,Swift
946,1075565,2021-09-30,2:46:52,197.435,48.623,Swift
947,1074326,2021-09-21,17:43:16,307.803,37.61,Swift
948,1073893,2021-09-19,0:28:34,80.23,1.274,Swift
949,1073821,2021-09-18,7:58:20,250.455,-45.54,Swift
950,1072990,2021-09-12,11:01:12,129.769,79.194,Swift
951,1072706,2021-09-10,10:11:56,238.7885,-54.0624,Swift
952,1071993,2021-09-05,0:12:41,309.062,-44.431,Swift
953,1071769,2021-09-03,14:11:32,307.967,37.398,Swift
954,1071768,2021-09-03,14:04:44,299.55,34.943,Swift
955,1071767,2021-09-03,14:00:44,186.147,-62.692,Swift
956,1071765,2021-09-03,13:53:56,186.206,-62.645,Swift
957,1071762,2021-09-03,13:46:04,135.414,-40.309,Swift
958,1071488,2021-09-01,15:04:36,295.2774,-76.9261,Swift
959,1070298,2021-08-25,6:53:27,238.7858,-54.0617,Swift
960,1070157,2021-08-24,4:10:02,232.132,11.135,Swift
961,1069788,2021-08-22,9:18:18,304.476,5.265,Swift
962,1069551,2021-08-20,17:38:01,20.6392,4.6078,Swift
963,1069242,2021-08-18,16:17:00,299.819,35.277,Swift
964,1069169,2021-08-18,1:02:08,149.131,-87.031,Swift
965,1064421,2021-08-07,22:57:08,143.551,-51.409,Swift
966,1064380,2021-08-07,18:51:40,245.114,-15.937,Swift
967,1064377,2021-08-07,18:41:40,245.132,-15.898,Swift
968,1064361,2021-08-07,17:50:36,83.717,22.21,Swift
969,1064221,2021-08-07,10:03:40,76.677,58.245,Swift
970,1062336,2021-07-31,22:21:09,300.314,-28.042,Swift
971,1062273,2021-07-31,14:33:09,255.992,-37.851,Swift
972,1062150,2021-07-30,4:57:29,149.592,69.705,Swift
973,1061687,2021-07-26,19:19:04,193.2908,19.1898,Swift
974,1061554,2021-07-25,12:00:48,192.9218,17.108,Swift
975,1061511,2021-07-25,3:47:03,215.3737,-1.1931,Swift
976,1061482,2021-07-24,20:14:09,227.4139,-6.291,Swift
977,1061284,2021-07-23,14:46:11,121.7211,-32.8853,Swift
978,1061223,2021-07-22,20:54:42,27.0303,-6.3475,Swift
979,1059881,2021-07-12,9:43:12,97.3319,-35.3716,Swift
980,1059494,2021-07-08,13:23:25,142.579,14.471,Swift
981,1059460,2021-07-08,2:25:37,173.699,-49.187,Swift
982,1058804,2021-07-02,19:07:14,168.57,-36.741,Swift
983,1057131,2021-06-21,17:04:37,238.7872,-54.0613,Swift
984,1056757,2021-06-19,23:59:25,319.713,33.86,Swift
985,1056426,2021-06-18,1:43:37,235.82,46.043,Swift
986,1054681,2021-06-10,19:51:28,243.939,14.391,Swift
987,1054627,2021-06-10,15:03:43,204.2822,14.465,Swift
988,1053220,2021-06-03,9:45:47,238.819,-54.046,Swift
989,1048783,2021-05-17,5:28:02,358.2246,-39.1022,Swift
990,1047531,2021-05-09,14:32:20,350.352,6.675,Swift
991,1046414,2021-05-02,17:39:33,270.742,-29.818,Swift
992,1044426,2021-04-21,0:27:30,104.908,4.934,Swift
993,1044032,2021-04-19,6:53:41,86.862,-65.539,Swift
994,1042398,2021-04-11,15:05:51,296.6116,-39.3971,Swift
995,1042032,2021-04-09,13:54:05,244.954,-15.573,Swift
996,1040345,2021-04-03,8:27:14,2.767,-32.999,Swift
997,1040123,2021-04-02,,198.2584,44.5125,Swift
998,1038247,2021-03-23,22:02:18,317.952,25.378,Swift
999,1037828,2021-03-21,7:13:51,87.874,70.119,Swift
1000,1037339,2021-03-18,3:54:32,33.93,-37.789,Swift
1001,1036990,2021-03-15,5:21:49,299.74,35.403,Swift
1002,1036227,2021-03-08,6:37:57,67.088,37.411,Swift
1003,1036139,2021-03-07,8:42:38,119.19,-66.963,Swift
1004,1036024,2021-03-06,9:32:14,331.848,10.175,Swift
1005,1035994,2021-03-06,3:53:57,129.965,60.196,Swift
1006,1035922,2021-03-05,19:03:04,319.814,34.557,Swift
1007,1035744,2021-03-05,1:09:41,244.831,-15.786,Swift
1008,1034721,2021-02-26,4:43:57,124.1144,57.5838,Swift
1009,1034325,2021-02-22,22:37:26,154.6062,-14.9315,Swift
1010,1033716,2021-02-20,21:37:57,245.176,-15.72,Swift
1011,1033328,2021-02-18,13:35:20,47.291,35.287,Swift
1012,1033264,2021-02-17,23:25:42,97.5833,68.725,Swift
1013,1033144,2021-02-17,8:11:21,277.646,-6.735,Swift
1014,1032350,2021-02-13,0:10:14,277.66,-6.748,Swift
1015,1032183,2021-02-12,4:25:18,72.261,7.234,Swift
1016,1032024,2021-02-11,8:43:18,269.433,-46.299,Swift
1017,1031728,2021-02-10,2:00:28,262.811,14.648,Swift
1018,1031636,2021-02-09,21:39:45,328.096,43.559,Swift
1019,1031297,2021-02-07,21:52:08,270.582,53.694,Swift
1020,1030629,2021-02-05,11:11:18,347.2214,56.2942,Swift
1021,1017711,2021-01-19,2:54:10,282.804,-61.801,Swift
1022,1016881,2021-01-12,1:37:04,218.999,33.07,Swift
1023,1016013,2021-01-05,12:19:58,307.719,41.068,Swift
1024,1016010,2021-01-05,11:55:02,244.978,-15.844,Swift
1025,1015919,2021-01-04,21:10:11,53.5538,37.9301,Swift
1026,1015873,2021-01-04,11:26:59,103.705,64.661,Swift
1027,1015728,2021-01-02,20:38:11,235.737,-37.222,Swift
1028,1015615,2021-01-02,0:17:13,234.703,-84.189,Swift
